Date,VTI,VXUS,BND,VNQ,GLD,SHV
2025-10-03,326.2449,72.7778,71.3884,88.0881,357.64,106.2679
2025-10-06,327.4709,72.9337,71.2251,87.2594,364.38,106.2583
2025-10-07,325.8988,72.3683,71.3596,86.9415,366.26,106.2679
2025-10-08,328.0641,72.651,71.3596,86.4886,372.3,106.2872
2025-10-09,326.9271,72.0174,71.3116,86.0164,365.43,106.2968
2025-10-10,318.1671,70.3505,71.5902,84.918,369.12,106.345
2025-10-13,323.2392,71.4228,71.7055,85.4576,378.09,106.3354
2025-10-14,323.1403,71.4325,71.8111,86.3344,380.79,106.3643
2025-10-15,324.6728,72.0564,71.7631,87.587,387.39,106.3547
2025-10-16,322.0923,72.3781,72.0321,87.2787,396.45,106.374
2025-10-17,323.605,72.3293,71.936,87.8472,388.99,106.4222
2025-10-20,327.2138,73.0409,72.0321,88.7337,403.15,106.4318
2025-10-21,327.1743,72.3489,72.1186,88.4831,377.24,106.4415
2025-10-22,325.187,72.4073,72.1186,88.8589,377.28,106.4608
2025-10-23,327.2732,72.8265,71.9744,88.8011,378.79,106.4704
2025-10-24,329.9427,73.0604,72.0705,89.0613,377.52,106.4897
2025-10-27,333.6206,73.6161,72.109,89.3118,367.01,106.5186
2025-10-28,334.1348,73.6063,72.1474,87.5581,364.38,106.5283
2025-10-29,333.8975,73.3821,71.7919,85.3034,363.0,106.5186
2025-10-30,330.3084,72.924,71.667,85.7081,370.13,106.5283
2025-10-31,331.6334,72.7485,71.6478,85.9297,368.12,106.5476
2025-11-03,332.009,72.9532,71.5649,85.8045,368.78,106.5776
2025-11-04,327.9949,71.9882,71.6035,85.949,362.32,106.5872
2025-11-05,329.3989,72.4756,71.4011,86.0261,366.51,106.5969
2025-11-06,325.6516,72.1929,71.6806,85.6117,366.07,106.6163
2025-11-07,326.3635,72.3293,71.6421,86.9415,368.31,106.655
2025-11-10,331.139,73.2359,71.6227,86.8933,378.38,106.6646
2025-11-11,331.9497,73.6258,71.8252,87.8665,379.87,106.6646
2025-11-12,332.0684,73.9085,71.7962,87.2112,385.99,106.6743
2025-11-13,326.1855,73.0994,71.5842,86.1417,382.87,106.684
2025-11-14,326.1361,73.0409,71.4782,86.3248,375.96,106.713
2025-11-17,322.7448,72.1344,71.5167,85.6117,371.65,106.7227
2025-11-18,320.5598,71.5008,71.5746,85.9586,374.35,106.742
2025-11-19,321.6078,71.3156,71.5457,85.2841,374.96,106.7517
2025-11-20,316.4863,70.37,71.6517,84.9276,374.85,106.7614
2025-11-21,320.1445,71.0816,71.8252,86.3055,374.27,106.8001
2025-11-24,324.9299,71.3838,71.9505,86.5367,380.2,106.8098
2025-11-25,328.4102,72.0467,72.1143,87.3365,380.08,106.8195
2025-11-26,330.6645,72.729,72.1914,87.7219,383.12,106.8388
2025-11-28,332.5133,73.0507,72.0758,88.011,387.88,106.8678
2025-12-01,330.8819,72.768,71.7944,86.9993,389.75,106.8892
2025-12-02,331.2774,72.885,71.8621,86.6909,387.24,106.9086
2025-12-03,332.7605,73.1774,71.9684,86.9125,386.88,106.928
2025-12-04,333.2845,73.3334,71.8331,86.7006,387.13,106.928
2025-12-05,333.7492,73.4796,71.746,86.6042,386.44,106.9668
2025-12-08,332.7704,73.3236,71.6397,85.9393,385.42,106.9765
2025-12-09,332.4342,73.2262,71.5913,85.6117,387.4,106.9862
2025-12-10,334.906,74.0157,71.8041,85.9201,389.05,107.0154
2025-12-11,336.0331,74.2107,71.8041,86.2959,393.24,107.0348
2025-12-12,332.1969,73.7038,71.5817,86.1899,395.44,107.0639
2025-12-15,331.5444,73.9573,71.6687,86.4597,395.8,107.0833
2025-12-16,330.5853,73.5576,71.8041,85.8237,395.89,107.093
2025-12-17,326.9765,73.0702,71.7847,86.1417,399.29,107.1027
2025-12-18,329.4879,73.6648,71.937,85.6888,398.57,107.1221
2025-12-19,332.4243,74.1244,71.8303,85.3612,399.02,107.1387
2025-12-22,334.7355,74.5414,71.8109,85.7997,408.23,107.1582
2025-12-23,335.846,74.998,71.8012,85.7414,413.64,107.1582
2025-12-24,336.9962,75.0576,71.9759,86.3054,411.93,107.1874
2025-12-26,336.788,75.2958,71.9759,86.4026,416.74,107.2263
2025-12-29,335.5188,75.0576,72.0826,86.5776,398.6,107.2263
2025-12-30,334.9834,75.2065,72.0535,86.7526,398.89,107.2361
2025-12-31,332.4253,74.8888,71.8594,86.0428,396.31,107.2653
2026-01-02,333.4565,75.9808,71.8303,86.072,398.28,107.2848
2026-01-05,335.965,76.7849,71.9661,86.2665,408.76,107.3042
2026-01-06,338.3149,77.0529,71.9661,86.8985,413.18,107.3042
2026-01-07,337.1648,76.6657,72.0438,86.0526,409.23,107.3237
2026-01-08,337.254,76.7154,71.9176,86.8207,411.49,107.3335
2026-01-09,339.4948,77.2613,72.0729,86.9957,414.47,107.3627
2026-01-12,340.1194,77.9761,72.005,87.1124,422.23,107.3724
2026-01-13,339.4353,77.5592,72.0632,87.5986,421.63,107.3724
2026-01-14,338.1067,77.8967,72.2087,88.357,425.94,107.3821
2026-01-15,339.1478,78.0257,72.102,88.9696,423.33,107.3919
2026-01-16,338.9495,78.0654,71.9855,90.0586,421.29,107.4211
2026-01-20,332.2666,77.1621,71.7236,88.3862,437.23,107.4308
2026-01-21,336.203,78.0257,71.9273,88.7362,443.6,107.4503
2026-01-22,337.9778,78.5022,71.9564,87.8611,451.79,107.4503
2026-01-23,337.6704,78.9489,72.034,88.0361,458.0,107.4795
2026-01-26,339.128,79.2765,72.1214,87.9195,464.7,107.4893
2026-01-27,340.3574,80.5075,72.0632,87.8903,476.1,107.5088
2026-01-28,340.169,80.1501,72.034,86.986,494.56,107.5088
2026-01-29,339.3857,80.3586,72.0438,88.2014,495.9,107.5185
2026-01-30,337.6804,79.078,72.0146,88.2889,444.95,107.5477
2026-02-02,339.5741,79.5247,71.9417,87.3749,427.13,107.5692
2026-02-03,336.9664,79.7232,71.9611,87.1805,454.29,107.5789
2026-02-04,335.38,79.6637,71.9319,88.4348,453.97,107.5789
2026-02-05,331.0669,78.7107,72.2434,88.3084,441.88,107.6083
2026-02-06,338.067,80.4578,72.2531,89.6988,455.46,107.6278
2026-02-09,339.7328,81.5498,72.2726,90.0781,467.03,107.6473
2026-02-10,338.8999,81.7483,72.4867,91.2838,462.4,107.6473
2026-02-11,338.5727,82.3836,72.3407,90.7782,467.63,107.6571
2026-02-12,333.159,81.5299,72.6717,90.6712,451.39,107.6669
2026-02-13,333.7936,81.798,72.8858,91.9741,462.62,107.7157
2026-02-17,334.2101,81.6292,72.8761,92.8493,448.2,107.7255
2026-02-18,335.9551,81.9072,72.7982,91.7602,458.28,107.7255
2026-02-19,335.3205,81.7781,72.8274,91.5657,459.56,107.745
2026-02-20,337.3829,82.7609,72.8177,92.2561,468.62,107.7645
2026-02-23,333.6052,82.3241,72.9734,92.2658,481.28,107.7743
2026-02-24,336.3318,82.8105,72.9345,92.4992,474.61,107.7841
2026-02-25,338.9296,83.5848,72.915,92.2464,473.42,107.7939
2026-02-26,337.601,83.3465,73.0221,92.8784,477.48,107.8036
2026-02-27,335.8956,83.1977,73.1681,93.0437,483.75,107.8329
2026-03-02,336.2426,81.798,72.8732,93.2771,490.0,107.8466
2026-03-03,332.8814,78.9787,72.7951,92.7812,468.14,107.8564
2026-03-04,335.3205,79.753,72.7463,92.8979,471.8,107.8564
2026-03-05,333.1491,78.1448,72.5803,91.9644,466.13,107.876
2026-03-06,328.5981,77.4103,72.4827,90.9629,473.51,107.9054
2026-03-09,331.4437,78.3732,72.6877,91.1671,472.53,107.9152
2026-03-10,330.6802,78.5419,72.4632,91.031,477.86,107.925
2026-03-11,330.4125,78.4625,72.141,90.0878,476.24,107.9348
2026-03-12,325.1377,76.904,71.8774,89.4655,466.88,107.9348
2026-03-13,323.3629,76.1793,71.809,89.6113,460.84,107.974
2026-03-16,326.6646,77.6981,72.0824,90.36,460.43,107.9838
2026-03-17,327.7652,78.0357,72.2289,90.7587,459.27,107.9936
2026-03-18,323.2538,76.6856,71.936,89.4169,444.74,107.9936
2026-03-19,322.6787,76.5863,72.0141,89.0571,426.41,107.9936
2026-03-20,317.622,74.2411,71.438,86.2956,413.38,108.0229
2026-03-23,321.4393,76.0994,71.7114,86.9666,404.04,108.0425
2026-03-24,320.4379,75.4733,71.5259,86.3926,404.13,108.0523
2026-03-25,322.3912,76.5963,71.7993,86.3238,416.29,108.0621
2026-03-26,316.8387,74.7281,71.3795,86.2059,400.64,108.0621
2026-03-27,311.4061,74.2213,71.3795,85.4983,414.7,108.1013
2026-03-30,310.0036,74.1616,71.7407,85.8226,414.58,108.1209
2026-03-31,319.0846,76.6261,71.8969,87.169,430.29,108.1307
2026-04-01,321.5015,77.5204,71.9263,87.4835,437.82,108.1445
2026-04-02,322.0187,76.9937,72.083,88.6726,429.41,108.1838
2026-04-06,323.4609,77.4807,71.9753,88.8003,427.65,108.1936
2026-04-07,323.6797,77.5303,72.083,88.9281,431.81,108.2034
2026-04-08,331.9052,80.7202,72.2202,90.53,434.53,108.2132
2026-04-09,333.6458,80.5612,72.2496,91.1786,437.91,108.2329
2026-04-10,333.248,80.7599,72.1418,91.3751,437.13,108.2623
2026-04-13,336.8485,81.3761,72.2986,91.7191,435.36,108.2623
2026-04-14,340.8071,82.2903,72.4749,92.5937,445.09,108.282
2026-04-15,343.3831,82.1313,72.3769,92.6625,440.46,108.282
2026-04-16,344.1689,82.1114,72.2692,93.5175,440.08,108.2918
2026-04-17,348.6447,83.2244,72.5533,95.0113,445.93,108.3409
2026-04-20,348.3264,82.9561,72.5043,95.3552,442.09,108.3409
2026-04-21,345.9691,81.3661,72.279,93.6649,429.57,108.3508
2026-04-22,349.331,82.0717,72.3573,92.8885,435.26,108.3704
2026-04-23,347.9186,81.2071,72.23,93.8418,431.04,108.3802
2026-04-24,350.1565,81.9723,72.3573,93.6551,433.25,108.4097
2026-04-27,350.6339,81.8232,72.2398,93.1441,429.89,108.4195
2026-04-28,348.7442,81.3761,72.2202,93.999,421.91,108.4294
2026-04-29,348.3264,80.7202,71.8969,93.262,417.41,108.4294
2026-04-30,352.2751,82.5387,72.0047,94.6673,423.66,108.449
2026-05-01,353.3791,82.4493,72.1049,94.402,423.18,108.4766
2026-05-04,352.0762,81.7338,71.8592,93.8123,414.71,108.4963
2026-05-05,355.07,82.8865,71.987,94.1071,418.27,108.4963
2026-05-06,359.9138,85.0827,72.2917,95.4142,430.96,108.516
2026-05-07,358.2627,83.7213,72.1049,94.7263,431.68,108.5259
2026-05-08,360.9183,84.8939,72.2917,94.9523,433.77,108.5653
2026-05-11,361.6743,84.8541,72.1148,95.0211,434.65,108.5653
2026-05-12,360.8388,83.7014,71.8985,95.0211,432.93,108.5751
2026-05-13,362.7484,84.5461,71.928,94.2349,430.5,108.5751
2026-05-14,365.424,84.4864,71.9084,93.6747,427.21,108.585
2026-05-15,360.789,82.5884,71.4955,92.2891,417.29,108.6244
2026-05-18,360.4111,83.0058,71.4464,93.3701,418.43,108.6342
2026-05-19,358.1234,82.2804,71.2105,93.6354,411.5,108.6441
2026-05-20,362.2313,83.6418,71.6037,94.8245,417.4,108.6638
2026-05-21,363.1264,84.0492,71.6823,95.0014,416.99,108.6737
2026-05-22,364.8173,83.9299,71.7511,95.0997,413.82,108.6934
2026-05-26,367.4729,85.5696,71.9575,95.5419,414.0,108.7032
2026-05-27,367.3734,85.3112,72.0263,95.2471,408.49,108.7229
2026-05-28,369.661,85.4503,72.1639,94.8835,412.77,108.7328
2026-05-29,370.5363,85.5199,72.2032,94.0482,417.12,108.7623
2026-06-01,371.3917,85.7683,72.1707,92.466,411.26,108.7732
2026-06-02,372.3465,86.4142,72.1904,92.8885,411.95,108.793
2026-06-03,369.6511,85.5596,72.0523,92.7804,407.87,108.793
2026-06-04,371.3718,85.7087,72.1509,94.4413,411.27,108.8029
2026-06-05,361.4256,82.5089,71.8255,95.1194,396.24,108.8325
2026-06-08,362.5097,83.2144,71.8058,93.8222,397.27,108.8424
2026-06-09,361.714,83.294,71.9636,95.9842,390.78,108.8523
2026-06-10,356.1143,82.0717,71.9044,95.994,374.58,108.8622
2026-06-11,362.3406,84.8044,72.3186,95.9252,386.32,108.8819
2026-06-12,364.3896,85.1423,72.2298,96.8097,386.54,108.9116
2026-06-15,370.5264,86.4341,72.289,96.1316,396.55,108.9215
2026-06-16,368.378,86.0863,72.3975,96.3674,397.63,108.9412
2026-06-17,363.7928,85.6093,72.1312,93.9597,388.6,108.9116
2026-06-18,368.0,86.6135,72.3285,93.9106,387.12,108.9709
2026-06-22,366.8264,86.903,72.1312,94.9228,384.59,108.961
2026-06-23,361.7439,84.2578,72.2101,96.1709,377.32,108.9808
2026-06-24,361.6941,84.1879,72.5356,96.1759,365.92,108.9906
2026-06-25,362.0224,84.9266,72.5849,96.3543,369.46,109.0104
2026-06-26,361.3082,84.3276,72.6539,97.8216,373.63,109.0401
2026-06-29,366.1958,84.7768,72.6934,97.3061,368.58,109.0499
2026-06-30,369.1085,85.3358,72.3975,95.6008,368.38,109.0598
2026-07-01,368.3404,84.3776,72.2926,95.9875,370.6,109.0687
2026-07-02,367.8317,84.687,72.3421,97.1772,378.13,109.1183
2026-07-06,370.7344,86.0146,72.3718,96.4039,382.13,109.1381
2026-07-07,368.6796,84.4973,72.0848,97.5539,377.49,109.1282
2026-07-08,367.323,84.2877,71.9364,95.9677,374.45,109.148
2026-07-09,370.515,84.7469,72.065,96.2552,378.18,109.1679
2026-07-10,371.7518,85.1861,72.0056,96.4832,377.01,109.1976
2026-07-13,368.8491,83.6289,71.7385,96.9888,367.13,109.1877
2026-07-14,370.2257,84.5073,71.9364,96.731,372.15,109.2174
2026-07-15,371.4825,84.8367,72.0551,97.0185,372.35,109.2372
2026-07-16,369.6471,83.9084,72.0452,99.2095,364.96,109.2372
2026-07-17,366.0861,83.2197,72.0947,99.16,368.41,109.2769
2026-07-20,365.328,82.9202,71.9166,98.6246,367.6,109.2868
2026-07-21,368.52,84.2977,71.7583,98.6643,374.81,109.2769
2026-07-22,367.9414,84.3077,71.6395,98.1686,379.12,109.2967
2026-07-23,363.7719,83.4692,71.4911,97.8414,371.52,109.2868
2026-07-24,363.8817,83.2496,71.5505,99.9432,371.9,109.3165
2026-07-27,364.2607,83.6389,71.6989,99.6755,374.63,109.3265
2026-07-28,365.0687,83.0999,71.877,100.082,369.37,109.3562
2026-07-29,359.5127,82.2414,71.6198,99.7945,371.08,109.3859
2026-07-30,365.348,84.6171,71.6593,98.6345,377.16,109.3958
2026-07-31,367.2831,84.4374,71.4713,98.0992,371.54,109.4256
2026-08-03,372.8989,84.8667,71.6421,98.2181,371.71,109.4455
2026-08-04,379.8614,86.2941,71.9301,98.0694,374.16,109.4554
2026-08-05,378.6943,86.354,71.9499,98.0694,389.64,109.4653
2026-08-06,378.1158,86.1643,71.7414,97.197,389.67,109.4753
2026-08-07,380.8189,87.0527,71.8904,97.5836,398.47,109.5151
2026-08-10,380.6693,86.6734,71.6421,96.275,402.54,109.525
2026-08-11,379.6918,86.7632,71.7017,95.5513,400.96,109.5349
2026-08-12,380.8688,87.3821,71.7712,96.4733,404.92,109.5548
2026-08-13,383.3326,87.5618,71.9698,97.7324,398.96,109.5747
2026-08-14,382.8837,87.5418,71.801,97.9802,401.48,109.6045
2026-08-17,381.1681,87.7115,71.652,97.1375,405.49,109.6045
2026-08-18,378.0858,86.2841,71.7116,96.7806,398.55,109.6244
2026-08-19,379.0334,86.8132,72.0492,97.7621,413.84,109.6344
2026-08-20,375.632,86.873,71.8308,97.7522,415.26,109.6443
2026-08-21,377.2878,87.5518,71.7216,97.653,423.36,109.6741
2026-08-24,376.1208,87.0427,71.8606,98.2479,426.69,109.6841
2026-08-25,377.1981,87.9611,72.1585,98.3966,428.07,109.704
2026-08-26,377.2779,87.6616,72.0691,97.7621,421.32,109.7139
2026-08-27,379.6718,87.7714,72.0294,96.8103,422.6,109.7139
2026-08-28,378.405,87.3622,71.801,96.4039,408.89,109.7238
2026-08-31,377.1981,87.1625,71.7315,95.6108,408.42,109.7338
2026-09-01,374.2256,86.5536,71.5352,95.472,396.75,109.7517
2026-09-02,375.9313,87.0028,71.575,94.9564,402.78,109.7617
2026-09-03,379.9711,87.8113,71.6747,95.8289,410.22,109.7817
2026-09-04,378.7741,88.2506,71.6946,95.1944,406.77,109.8315
2026-09-08,376.6494,87.9212,71.6348,95.1051,399.72,109.8315
2026-09-09,374.6146,87.2524,71.4754,94.1237,403.35,109.8415
2026-09-10,372.3004,86.1244,71.017,93.3107,396.36,109.8215
2026-09-11,375.3627,86.9828,70.9672,93.9849,398.77,109.8515
2026-09-14,373.7368,85.8848,70.9174,93.5189,392.84,109.8614
2026-09-15,371.9014,85.5355,70.8975,93.2909,394.15,109.8714
2026-09-16,370.3254,85.256,70.8576,92.6762,391.74,109.8614
2026-09-17,374.3951,86.344,71.2163,93.0034,398.36,109.8814
2026-09-18,374.4849,85.88,70.9473,92.1111,401.17,109.9113
2026-09-21,380.1407,87.15,71.1466,93.0034,398.38,109.9213
2026-09-22,380.3102,87.49,71.1565,92.815,400.07,109.9313
2026-09-23,377.2779,85.92,70.5587,91.45,392.88,109.9213
2026-09-24,377.1282,85.59,70.1999,91.17,391.69,109.9313
2026-09-25,378.814,86.35,70.3793,90.99,393.41,109.9711
2026-09-28,375.84,85.75,70.0305,90.59,377.91,109.9811
2026-09-29,375.26,85.52,69.9807,90.53,382.89,110.011
2026-09-30,374.24,84.96,69.901,89.63,380.84,110.021
2026-10-01,375.18,84.46,70.09,89.17,382.76,110.05
2026-10-02,377.99,85.43,69.94,89.5,380.14,110.07
